id,text,nested,type,module,complexity,Purpose,Condition,Precondition,Trigger,Action,System_response,Entity,Main_actor
1,"A student shall be able to search study rooms with available seats by campus, date, and time range.",False,Functional,Search & Discovery,Conditional,,"seats by campus, date, and time range",,,search study rooms,,student &-& study rooms,student
2,"When the student is authenticated, the system shall allow reserving one or more seats in a study room for a chosen time slot.",True,Functional,Other,Conditional,,"When the student is authenticated, &-& student is authenticated &-& chosen time slot","When the student is authenticated, &-& student is authenticated","When the student is authenticated,",,,the student &-& seats,the student
3,"If the selected study room has insufficient available seats for the requested time slot, the system shall reject the reservation and suggest the nearest available slots.",True,Functional,Search & Discovery,Conditional,,"If the selected study room has insufficient available seats for the requested time slot, &-& selected study room has insufficient available",selected study room has insufficient available,,reject the reservation and suggest the nearest available slots.,reject the reservation and suggest the nearest available slots.,,
4,"A reservation shall include the room identifier, date, start time, end time, and the number of seats requested.",False,Functional,Booking Core,Simple,,,,,"the room identifier, date, start time, end time, and the number of seats","the room identifier, date, start time, end time, and the number of seats",,
5,The system shall prevent a student from booking more than 2 active reservations per day and more than 6 per week.,False,Functional,Booking Core,Simple,,than 2 active reservations per day,,,,,a student &-& booking,a student
6,"If the student already has an active booking for the same time range, the system shall block creating another booking for that time range.",True,Functional,Booking Core,Conditional,,"If the student already has an active booking for the same time range, &-& student already has an active booking for the same time range",student already has an active booking for the same time range,,active booking for the same time range,,the student &-& booking for that time range,the student
7,"A student shall be able to cancel a booking up to 30 minutes before the start time; otherwise, the system shall mark it as late-cancel.",True,Functional,Check-in & Penalties,Nested/Conditional,,,,,cancel a booking,,student &-& a booking,student
8,"If a reservation is canceled, the system shall immediately release the reserved seats and notify students on the waitlist, if any.",True,Functional,Waitlist,Conditional,,"If a reservation is canceled, &-& reservation is canceled &-& if any.",reservation is canceled,,release the reserved seats and notify students,release the reserved seats and notify students,the system,the system
9,A student shall be able to join a waitlist for a fully booked room on a specific date.,False,Functional,Waitlist,Simple,,for a fully booked,for a fully booked,,join a waitlist,,student &-& a waitlist,student
10,"When a room becomes available, the system shall offer the slot to the first student on the waitlist and give 10 minutes to confirm.",True,Functional,Waitlist,Conditional,,"When a room becomes available, &-& room becomes available",room becomes available,"When a room becomes available,",shall offer the slot to the first student on the waitlist and give 10 minutes to confirm.,shall offer the slot to the first student on the waitlist and give 10 minutes to confirm.,the system &-& waitlist,the system
11,"If the student does not confirm within 10 minutes, the system shall offer the slot to the next student on the waitlist.",True,Functional,Waitlist,Nested/Conditional,,"If the student does not confirm within 10 minutes,","If the student does not confirm within 10 minutes,",,offer the slot to the next student on the waitlist,offer the slot to the next student on the waitlist,the system,the system
12,The system shall send a booking confirmation via email and in-app notification within 1 minute after a successful reservation.,False,Non-functional,Notifications,Conditional,,notification within 1 minute,,,shall send a booking confirmation via email and in-app notification within 1 minute after a successful reservation. &-& booking confirmation,shall send a booking confirmation via email and in-app notification within 1 minute after a successful reservation.,The system &-& confirmation,The system
13,A student shall be able to check in for a seat reservation starting 10 minutes before the start time until 15 minutes after the start time.,False,Functional,Check-in & Penalties,Simple,,,,,check in for a seat reservation,,student,student
14,"If no check-in occurs by 15 minutes after the start time, the system shall automatically cancel the booking and record a no-show.",True,Functional,Check-in & Penalties,Nested/Conditional,,"If no check-in occurs by 15 minutes after the start time, &-& occurs by 15 minutes after the start time",occurs by 15 minutes after the start time,,automatically cancel the booking and record a no-show,automatically cancel the booking and record a no-show,the system,the system
15,"If a no-show is recorded three times within 30 days, the system shall suspend the student's booking privileges for 7 days.",True,Functional,Check-in & Penalties,Nested/Conditional,,"If a no-show is recorded three times within 30 days,",,,suspend the student's booking privileges for 7,suspend the student's booking privileges for 7,the system,the system
16,"The system shall display room capacity, equipment (e.g., whiteboard, projector), and accessibility features before booking.",False,Functional,Booking Core,Simple,,,,,"shall display room capacity, equipment (e.g., whiteboard, projector), and accessibility features before booking. &-& display room","shall display room capacity, equipment (e.g., whiteboard, projector), and accessibility features before booking.",The system,The system
17,A student shall be able to filter rooms by minimum capacity and required equipment.,False,Functional,Search & Discovery,Conditional,,minimum capacity &-& required equipment,,,filter rooms,,student &-& rooms,student
18,"If the number of seats requested exceeds the remaining available seats, the system shall prevent the reservation and explain the capacity constraint.",True,Functional,Search & Discovery,Conditional,,"If the number of seats requested exceeds the remaining available seats,",,,"requested exceeds the remaining available seats, the &-& shall prevent the reservation and explain the capacity",shall prevent the reservation and explain the capacity,,
19,A student shall be able to modify an existing reservation only if the new time slot satisfies booking limits and does not overlap the student's other reservations.,True,Functional,Booking Core,Conditional,,if the new time slot satisfies booking limits and does not overlap the student's other reservations. &-& slot satisfies booking limits,slot satisfies booking limits,,existing reservation,,reservation &-& the student,the student
20,"The system shall log all booking creations, modifications, cancellations, and no-show events with timestamp and user ID.",False,Non-functional,Check-in & Penalties,Simple,,,,,"shall log all booking creations, modifications, cancellations, and no-show events with timestamp and user ID. &-& log all booking creations, modifications, cancellations, and","shall log all booking creations, modifications, cancellations, and no-show events with timestamp and user ID.",The system,The system
21,"Administrative staff shall be able to create rooms and define their campus, opening hours, and maximum reservation length.",False,Functional,Admin & Reporting,Simple,,,,,,,Administrative staff &-& rooms,Administrative staff
22,The system shall enforce that no reservation can exceed the maximum reservation length defined for that room.,False,Functional,Booking Core,Simple,,,,,shall enforce that no reservation can exceed the maximum reservation length defined for that room. &-& enforce that no reservation can exceed the,shall enforce that no reservation can exceed the maximum reservation length defined for that room.,The system,The system
23,"If a student attempts to book outside the room opening hours, the system shall reject the request and show valid hours.",True,Functional,Booking Core,Conditional,,"If a student attempts to book outside the room opening hours, &-& book outside the room opening hours",book outside the room opening hours,,book outside the,,student,student
24,"The system shall allow staff to block a room for maintenance; during maintenance, the room shall not appear as available.",False,Functional,Admin & Maintenance,Simple,,,,,block a room for maintenance,,staff &-& room for maintenance,staff
25,"If a maintenance block overlaps existing bookings, the system shall notify affected students and offer alternative rooms of similar capacity.",True,Functional,Waitlist,Nested/Conditional,,"If a maintenance block overlaps existing bookings, &-& maintenance block overlaps existing bookings",maintenance block overlaps existing bookings,,shall notify affected students and offer alternative rooms of similar capacity.,shall notify affected students and offer alternative rooms of similar capacity.,the system,the system
26,The system shall support group bookings where a student invites other students; invited students shall receive an invite and can accept or decline.,False,Functional,Group Booking,Simple,,,,,support group bookings,,group bookings &-& a student,a student
27,"If fewer than 50% of invited students accept by 2 hours before the start time, the system shall prompt the organizer to confirm or cancel.",True,Functional,Group Booking,Nested/Conditional,,"If fewer than 50% of invited students accept by 2 hours before the start time, &-& fewer than 50% of invited students accept",fewer than 50% of invited students accept,,shall prompt the organizer to confirm or cancel.,shall prompt the organizer to confirm or cancel.,the system,the system
28,The system shall allow the organizer to remove an invited student before the booking start time and notify the removed student.,False,Functional,Group Booking,Simple,,,,,remove an invited student,,invited student &-& student,student
29,The system shall provide a calendar view of a student's upcoming bookings and allow exporting as iCalendar (.ics).,False,Functional,Booking Core,Simple,,,,,,,student &-& bookings,student
30,The system shall support single sign-on using the university identity provider; unauthenticated users shall have read-only access to availability.,False,Non-functional,Security & Identity,Simple,,,,,availability,,unauthenticated user &-& availability,unauthenticated user
31,"The system shall store personal data (name, email, student ID) encrypted at rest and transmit it over TLS.",False,Non-functional,Notifications,Simple,,,,,"shall store personal data (name, email, student ID) encrypted at rest and transmit it over TLS. &-& store personal data","shall store personal data (name, email, student ID) encrypted at rest and transmit it over TLS.",The system &-& personal data,The system
32,"A student shall be able to report a room issue (e.g., broken equipment); the system shall create a ticket and notify staff.",False,Functional,Admin & Reporting,Simple,,,,,report a room issue,,student &-& room issue,student
33,"If a room issue is marked as critical by staff, the system shall automatically block the room until the issue is resolved.",True,Functional,Admin & Reporting,Nested/Conditional,,"If a room issue is marked as critical by staff,",,,shall automatically block the room until the issue is resolved.,shall automatically block the room until the issue is resolved.,the system,the system
34,The system shall display a fair-use policy and require explicit acceptance before the first booking.,False,Functional,Booking Core,Simple,,,,,shall display a fair-use policy and require explicit acceptance before the first booking.,shall display a fair-use policy and require explicit acceptance before the first booking.,The system,The system
35,"If the student violates the fair-use policy (e.g., repeated no-shows), the system shall warn the student and escalate penalties on repeat.",True,Functional,Check-in & Penalties,Conditional,,"If the student violates the fair-use policy (e. &-& If the student violates the fair-use policy (e.g.,",,,the fair-use policy &-& shall warn the student and escalate penalties on repeat.,shall warn the student and escalate penalties on repeat.,fair-use policy &-& the system,the system
36,The system shall provide administrative reports showing utilization rate per room and peak booking hours for the last 30 days.,False,Functional,Admin & Reporting,Simple,,,,,,,The system,The system
37,"For any search query, the system shall return results within 2 seconds for 95% of requests under normal load.",False,Non-functional,Search & Discovery,Conditional,,,,,shall return results within 2 seconds for 95% of requests under normal load.,shall return results within 2 seconds for 95% of requests under normal load.,the system,the system
38,"If the notification service is unavailable, the system shall queue notifications and retry for up to 24 hours without losing booking data.",True,Non-functional,Notifications,Nested/Conditional,,"If the notification service is unavailable, &-& retry for up to 24 hours",,,shall queue notifications and retry for up to 24 hours without losing booking data.,shall queue notifications and retry for up to 24 hours without losing booking data.,the system &-& notifications and retry,the system
39,"The system shall support English and Italian UI languages, and the user shall be able to switch language in settings.",False,Non-functional,Other,Simple,,,,,switch language,,languages &-& the user,the user
40,"If two reservation requests for the same room and time slot arrive concurrently and the remaining seats are insufficient, the system shall allocate seats atomically so that capacity is never exceeded and the losing request receives a conflict error.",True,Non-functional,Concurrency,Nested/Conditional,so that capacity is never exceeded and the losing request receives a conflict error,"If two reservation requests for the same room and time slot arrive concurrently and the remaining seats are insufficient,",,,shall allocate seats atomically so that capacity is never exceeded and the losing request receives a conflict error.,shall allocate seats atomically so that capacity is never exceeded and the losing request receives a conflict error.,the system,the system
41,"A student shall be able to create a recurring weekly seat reservation for the same room and time slot for up to 4 consecutive weeks, provided all occurrences satisfy booking limits and opening hours.",False,Functional,Booking Core,Conditional,,provided all occurrences satisfy booking limits,provided all occurrences satisfy booking limits,,create a recurring weekly seat reservation for,,student,student
42,"If a student checks in after the reservation start time, the system shall keep the original end time and shall not extend the reservation duration.",True,Functional,Booking Core,Conditional,,"If a student checks in after the reservation start time,",,,shall keep the original end time and shall not extend the reservation duration.,shall keep the original end time and shall not extend the reservation duration.,the system,the system
43,"The system shall display the building, floor, and a link to the room floor plan before a student confirms a booking.",False,Functional,Booking Core,Simple,,display the building,,,"display the building, floor, and a link &-& display the building, floor, and a link to the room floor plan before a student confirms","display the building, floor, and a link to the room floor plan before a student confirms",The system,The system
44,"Administrative staff shall be able to define a cleaning buffer time between bookings for each room (e.g., 10 minutes), and the system shall prevent bookings that violate the buffer.",False,Functional,Admin & Reporting,Simple,,system shall prevent bookings that violate the buffer,,,define a cleaning buffer time,,Administrative staff &-& cleaning buffer time,Administrative staff
45,"When occupancy sensors are available for a room, the system shall automatically record check-in if occupancy is detected within the allowed check-in window.",True,Functional,Search & Discovery,Nested/Conditional,,"When occupancy sensors are available for a room &-& When occupancy sensors are available for a room, &-& if occupancy is detected within the allowed check-in window. &-& occupancy is detected within the allowed check-in window &-& detected within the allowed check-in window",When occupancy sensors are available for a room &-& occupancy is detected within the allowed check-in window,"When occupancy sensors are available for a room &-& When occupancy sensors are available for a room,",shall automatically record check-in if occupancy is detected &-& shall automatically record check-in if occupancy is detected within the allowed check-in window.,shall automatically record check-in if occupancy is detected within the allowed check-in window.,the system &-& record check-in if occupancy is detected,the system
46,The system shall achieve at least 99.5% monthly uptime excluding scheduled maintenance windows announced in advance.,False,Non-functional,Admin & Maintenance,Simple,,at least 99.5% monthly uptime &-& excluding scheduled maintenance windows announced in advance,,,shall achieve at least 99.5% monthly uptime excluding scheduled maintenance windows announced in advance.,shall achieve at least 99.5% monthly uptime excluding scheduled maintenance windows announced in advance.,The system,The system
47,"All public API endpoints shall enforce rate limiting of 60 requests per minute per user; if the limit is exceeded, the system shall return an HTTP 429 error and a retry-after time.",True,Non-functional,Concurrency,Conditional,,"60 requests per minute per user; if the &-& if the limit is exceeded,",,,"shall enforce rate limiting &-& shall enforce rate limiting of 60 requests per minute per user; if the limit is exceeded, the system shall return an HTTP 429 error and a retry-after time.","shall enforce rate limiting of 60 requests per minute per user; if the limit is exceeded, the system shall return an HTTP 429 error and a retry-after time.",rate limiting &-& the system,the system
48,"Unauthenticated users shall be able to view room availability and room features, but the system shall hide personal booking details and user identifiers.",False,Functional,Security & Identity,Simple,,shall hide personal booking details &-& and user identifiers,,,view room availability and room features,,Unauthenticated user &-& room availability and room features,Unauthenticated user
49,"Staff actions that change system state (e.g., creating rooms, blocking rooms, marking issues critical) shall require role-based access control and shall be recorded in an immutable audit log.",False,Non-functional,Admin & Reporting,Simple,,,,,shall require role-based access control and shall be recorded in an immutable audit log.,shall require role-based access control and shall be recorded in an immutable audit log.,system,system
50,"If a student reports that a booked room is occupied by others at the start time, the system shall create a priority ticket for staff and offer alternative rooms of similar capacity when available.",True,Functional,Waitlist,Nested/Conditional,,"If a student reports that a booked room is occupied by others at the start time, &-& student reports that a booked room is occupied by others at the start time",student reports that a booked room is occupied by others at the start time,,create a priority ticket for staff and offer alternative rooms of similar capacity when available.,create a priority ticket for staff and offer alternative rooms of similar capacity when available.,the system,the system
51,"Before the student can submit a reservation request, the student must be authenticated. When the student submits a reservation request, the system shall approve the reservation if the room is available, so that the student can secure a seat.",True,Functional,Booking Core,Nested/Conditional,the student can secure a seat,the room is available,the student must be authenticated,"When the student submits a reservation request,",submits a reservation request,approve the reservation,reservation request &-& reservation &-& the student,the student
52,"Before the student can submit a reservation request, the student must be registered. When the student submits a reservation request, the system shall approve the reservation if the time slot is within opening hours, so that the schedule stays accurate.",True,Functional,Booking Core,Nested/Conditional,the schedule stays accurate,the time slot is within opening hours,the student must be registered,"When the student submits a reservation request,",submits a reservation request,approve the reservation,reservation request &-& reservation &-& the student,the student
53,"Before the student can submit a reservation request, the student must be verified. When the student submits a reservation request, the system shall approve the reservation if the reservation does not overlap another booking, so that double bookings are prevented.",True,Functional,Booking Core,Nested/Conditional,double bookings are prevented,the reservation does not overlap another booking,the student must be verified,"When the student submits a reservation request,",submits a reservation request,approve the reservation,reservation request &-& reservation &-& the student,the student
54,"Before the student can submit a reservation request, the student must be in good standing. When the student submits a reservation request, the system shall approve the reservation if the user has no unpaid penalties, so that resources are used efficiently.",True,Functional,Booking Core,Nested/Conditional,resources are used efficiently,the user has no unpaid penalties,the student must be in good standing,"When the student submits a reservation request,",submits a reservation request,approve the reservation,reservation request &-& reservation &-& the student,the student
55,"Before the student can submit a reservation request, the student must be authorized. When the student submits a reservation request, the system shall approve the reservation if the request is complete, so that the waitlist remains fair.",True,Functional,Booking Core,Nested/Conditional,the waitlist remains fair,the request is complete,the student must be authorized,"When the student submits a reservation request,",submits a reservation request,approve the reservation,reservation request &-& reservation &-& the student,the student
56,"Before the student can cancel a reservation, the student must be authenticated. When the student cancels a reservation, the system shall confirm the cancellation if the reservation exists, so that the room schedule stays accurate.",True,Functional,Booking Core,Nested/Conditional,the room schedule stays accurate,the reservation exists,the student must be authenticated,"When the student cancels a reservation,",cancels a reservation,confirm the cancellation,reservation &-& cancellation &-& the student,the student
57,"Before the student can cancel a reservation, the student must be registered. When the student cancels a reservation, the system shall confirm the cancellation if the cancellation is within 24 hours of the start time, so that unused seats are released.",True,Functional,Booking Core,Nested/Conditional,unused seats are released,the cancellation is within 24 hours of the start time,the student must be registered,"When the student cancels a reservation,",cancels a reservation,confirm the cancellation,reservation &-& cancellation &-& the student,the student
58,"Before the student can cancel a reservation, the student must be verified. When the student cancels a reservation, the system shall confirm the cancellation if the reservation is active, so that penalties are applied consistently.",True,Functional,Booking Core,Nested/Conditional,penalties are applied consistently,the reservation is active,the student must be verified,"When the student cancels a reservation,",cancels a reservation,confirm the cancellation,reservation &-& cancellation &-& the student,the student
59,"Before the student can cancel a reservation, the student must be in good standing. When the student cancels a reservation, the system shall confirm the cancellation if the user is the owner of the reservation, so that administrators can track usage.",True,Functional,Booking Core,Nested/Conditional,administrators can track usage,the user is the owner of the reservation,the student must be in good standing,"When the student cancels a reservation,",cancels a reservation,confirm the cancellation,reservation &-& cancellation &-& the student,the student
60,"Before the student can cancel a reservation, the student must be authorized. When the student cancels a reservation, the system shall confirm the cancellation if the request is complete, so that other students can book the slot.",True,Functional,Booking Core,Nested/Conditional,other students can book the slot,the request is complete,the student must be authorized,"When the student cancels a reservation,",cancels a reservation,confirm the cancellation,reservation &-& cancellation &-& the student,the student
61,"Before the student can extend a reservation, the student must be authenticated. When the student extends a reservation, the system shall update the end time if the room is available, so that the student can finish the session.",True,Functional,Booking Core,Nested/Conditional,the student can finish the session,the room is available,the student must be authenticated,"When the student extends a reservation,",extends a reservation,update the end time,reservation &-& end time &-& the student,the student
62,"Before the student can extend a reservation, the student must be registered. When the student extends a reservation, the system shall update the end time if the extension does not exceed the maximum duration, so that double bookings are prevented.",True,Functional,Booking Core,Nested/Conditional,double bookings are prevented,the extension does not exceed the maximum duration,the student must be registered,"When the student extends a reservation,",extends a reservation,update the end time,reservation &-& end time &-& the student,the student
63,"Before the student can extend a reservation, the student must be verified. When the student extends a reservation, the system shall update the end time if the reservation is active, so that capacity limits are enforced.",True,Functional,Booking Core,Nested/Conditional,capacity limits are enforced,the reservation is active,the student must be verified,"When the student extends a reservation,",extends a reservation,update the end time,reservation &-& end time &-& the student,the student
64,"Before the student can extend a reservation, the student must be in good standing. When the student extends a reservation, the system shall update the end time if the time slot is within opening hours, so that the schedule stays accurate.",True,Functional,Booking Core,Nested/Conditional,the schedule stays accurate,the time slot is within opening hours,the student must be in good standing,"When the student extends a reservation,",extends a reservation,update the end time,reservation &-& end time &-& the student,the student
65,"Before the student can extend a reservation, the student must be authorized. When the student extends a reservation, the system shall update the end time if the request is complete, so that resources are used efficiently.",True,Functional,Booking Core,Nested/Conditional,resources are used efficiently,the request is complete,the student must be authorized,"When the student extends a reservation,",extends a reservation,update the end time,reservation &-& end time &-& the student,the student
66,"Before the student can join the waitlist, the student must be authenticated. When the student joins the waitlist, the system shall add the student to the waitlist if the room is full, so that the waitlist remains fair.",True,Functional,Waitlist,Nested/Conditional,the waitlist remains fair,the room is full,the student must be authenticated,"When the student joins the waitlist,",joins the waitlist,add the student to the waitlist,waitlist &-& the student,the student
67,"Before the student can join the waitlist, the student must be registered. When the student joins the waitlist, the system shall add the student to the waitlist if the time slot is within opening hours, so that cancellations can be reused.",True,Functional,Waitlist,Nested/Conditional,cancellations can be reused,the time slot is within opening hours,the student must be registered,"When the student joins the waitlist,",joins the waitlist,add the student to the waitlist,waitlist &-& the student,the student
68,"Before the student can join the waitlist, the student must be verified. When the student joins the waitlist, the system shall add the student to the waitlist if the user has no unpaid penalties, so that students can secure a seat.",True,Functional,Waitlist,Nested/Conditional,students can secure a seat,the user has no unpaid penalties,the student must be verified,"When the student joins the waitlist,",joins the waitlist,add the student to the waitlist,waitlist &-& the student,the student
69,"Before the student can join the waitlist, the student must be in good standing. When the student joins the waitlist, the system shall add the student to the waitlist if the waitlist is open, so that the system tracks demand.",True,Functional,Waitlist,Nested/Conditional,the system tracks demand,the waitlist is open,the student must be in good standing,"When the student joins the waitlist,",joins the waitlist,add the student to the waitlist,waitlist &-& the student,the student
70,"Before the student can join the waitlist, the student must be authorized. When the student joins the waitlist, the system shall add the student to the waitlist if the request is complete, so that resources are used efficiently.",True,Functional,Waitlist,Nested/Conditional,resources are used efficiently,the request is complete,the student must be authorized,"When the student joins the waitlist,",joins the waitlist,add the student to the waitlist,waitlist &-& the student,the student
71,"Before the student can check in to the room, the student must be authenticated. When the student checks in to the room, the system shall record the check-in if the reservation is active, so that no-shows are reduced.",True,Functional,Check-in & Penalties,Nested/Conditional,no-shows are reduced,the reservation is active,the student must be authenticated,"When the student checks in to the room,",checks in to the room,record the check-in,check-in &-& room &-& the student,the student
72,"Before the student can check in to the room, the student must be registered. When the student checks in to the room, the system shall record the check-in if the check-in window has started, so that the system records attendance.",True,Functional,Check-in & Penalties,Nested/Conditional,the system records attendance,the check-in window has started,the student must be registered,"When the student checks in to the room,",checks in to the room,record the check-in,check-in &-& room &-& the student,the student
73,"Before the student can check in to the room, the student must be verified. When the student checks in to the room, the system shall record the check-in if the user has a valid ID card, so that penalties are applied fairly.",True,Functional,Check-in & Penalties,Nested/Conditional,penalties are applied fairly,the user has a valid ID card,the student must be verified,"When the student checks in to the room,",checks in to the room,record the check-in,check-in &-& room &-& the student,the student
74,"Before the student can check in to the room, the student must be in good standing. When the student checks in to the room, the system shall record the check-in if the room is available, so that seat usage is tracked.",True,Functional,Check-in & Penalties,Nested/Conditional,seat usage is tracked,the room is available,the student must be in good standing,"When the student checks in to the room,",checks in to the room,record the check-in,check-in &-& room &-& the student,the student
75,"Before the student can check in to the room, the student must be authorized. When the student checks in to the room, the system shall record the check-in if the request is complete, so that resources are used efficiently.",True,Functional,Check-in & Penalties,Nested/Conditional,resources are used efficiently,the request is complete,the student must be authorized,"When the student checks in to the room,",checks in to the room,record the check-in,check-in &-& room &-& the student,the student
76,"Before the student can request a room change, the student must be authenticated. When the student requests a room change, the system shall update the room assignment if the room is unavailable, so that the student can continue studying.",True,Functional,Booking Core,Nested/Conditional,the student can continue studying,the room is unavailable,the student must be authenticated,"When the student requests a room change,",requests a room change,update the room assignment,room change &-& room assignment &-& the student,the student
77,"Before the student can request a room change, the student must be registered. When the student requests a room change, the system shall update the room assignment if the new room has enough seats, so that the schedule stays accurate.",True,Functional,Booking Core,Nested/Conditional,the schedule stays accurate,the new room has enough seats,the student must be registered,"When the student requests a room change,",requests a room change,update the room assignment,room change &-& room assignment &-& the student,the student
78,"Before the student can request a room change, the student must be verified. When the student requests a room change, the system shall update the room assignment if the reservation is active, so that capacity limits are enforced.",True,Functional,Booking Core,Nested/Conditional,capacity limits are enforced,the reservation is active,the student must be verified,"When the student requests a room change,",requests a room change,update the room assignment,room change &-& room assignment &-& the student,the student
79,"Before the student can request a room change, the student must be in good standing. When the student requests a room change, the system shall update the room assignment if the request is complete, so that double bookings are prevented.",True,Functional,Booking Core,Nested/Conditional,double bookings are prevented,the request is complete,the student must be in good standing,"When the student requests a room change,",requests a room change,update the room assignment,room change &-& room assignment &-& the student,the student
80,"Before the student can request a room change, the student must be authorized. When the student requests a room change, the system shall update the room assignment if the change is within opening hours, so that resources are used efficiently.",True,Functional,Booking Core,Nested/Conditional,resources are used efficiently,the change is within opening hours,the student must be authorized,"When the student requests a room change,",requests a room change,update the room assignment,room change &-& room assignment &-& the student,the student
81,"Before the student can report a room issue, the student must be authenticated. When the student reports a room issue, the system shall log the issue if the room is in use, so that issues are resolved quickly.",True,Functional,Admin & Maintenance,Nested/Conditional,issues are resolved quickly,the room is in use,the student must be authenticated,"When the student reports a room issue,",reports a room issue,log the issue,room issue &-& issue &-& the student,the student
82,"Before the student can report a room issue, the student must be registered. When the student reports a room issue, the system shall log the issue if the report includes a description, so that maintenance is scheduled promptly.",True,Functional,Admin & Maintenance,Nested/Conditional,maintenance is scheduled promptly,the report includes a description,the student must be registered,"When the student reports a room issue,",reports a room issue,log the issue,room issue &-& issue &-& the student,the student
83,"Before the student can report a room issue, the student must be verified. When the student reports a room issue, the system shall log the issue if the request is complete, so that safety risks are reduced.",True,Functional,Admin & Maintenance,Nested/Conditional,safety risks are reduced,the request is complete,the student must be verified,"When the student reports a room issue,",reports a room issue,log the issue,room issue &-& issue &-& the student,the student
84,"Before the student can report a room issue, the student must be in good standing. When the student reports a room issue, the system shall log the issue if the issue is not already reported, so that the system tracks recurring problems.",True,Functional,Admin & Maintenance,Nested/Conditional,the system tracks recurring problems,the issue is not already reported,the student must be in good standing,"When the student reports a room issue,",reports a room issue,log the issue,room issue &-& issue &-& the student,the student
85,"Before the student can report a room issue, the student must be authorized. When the student reports a room issue, the system shall log the issue if the room is under maintenance, so that administrators can prioritize repairs.",True,Functional,Admin & Maintenance,Nested/Conditional,administrators can prioritize repairs,the room is under maintenance,the student must be authorized,"When the student reports a room issue,",reports a room issue,log the issue,room issue &-& issue &-& the student,the student
86,"Before the student can request a group booking, the student must be authenticated. When the student requests a group booking, the system shall schedule the group booking if the group size does not exceed capacity, so that group study is supported.",True,Functional,Group Booking,Nested/Conditional,group study is supported,the group size does not exceed capacity,the student must be authenticated,"When the student requests a group booking,",requests a group booking,schedule the group booking,group booking &-& the student,the student
87,"Before the student can request a group booking, the student must be registered. When the student requests a group booking, the system shall schedule the group booking if the room is available, so that capacity limits are enforced.",True,Functional,Group Booking,Nested/Conditional,capacity limits are enforced,the room is available,the student must be registered,"When the student requests a group booking,",requests a group booking,schedule the group booking,group booking &-& the student,the student
88,"Before the student can request a group booking, the student must be verified. When the student requests a group booking, the system shall schedule the group booking if the request is complete, so that double bookings are prevented.",True,Functional,Group Booking,Nested/Conditional,double bookings are prevented,the request is complete,the student must be verified,"When the student requests a group booking,",requests a group booking,schedule the group booking,group booking &-& the student,the student
89,"Before the student can request a group booking, the student must be in good standing. When the student requests a group booking, the system shall schedule the group booking if the group has a designated leader, so that the schedule stays accurate.",True,Functional,Group Booking,Nested/Conditional,the schedule stays accurate,the group has a designated leader,the student must be in good standing,"When the student requests a group booking,",requests a group booking,schedule the group booking,group booking &-& the student,the student
90,"Before the student can request a group booking, the student must be authorized. When the student requests a group booking, the system shall schedule the group booking if the time slot is within opening hours, so that resources are used efficiently.",True,Functional,Group Booking,Nested/Conditional,resources are used efficiently,the time slot is within opening hours,the student must be authorized,"When the student requests a group booking,",requests a group booking,schedule the group booking,group booking &-& the student,the student
91,"Before the administrator can upload a room photo, the administrator must be authorized. When the administrator uploads a room photo, the system shall store the photo if the room exists, so that room listings are accurate.",True,Functional,Admin & Maintenance,Nested/Conditional,room listings are accurate,the room exists,the administrator must be authorized,"When the administrator uploads a room photo,",uploads a room photo,store the photo,room photo &-& photo &-& the administrator,the administrator
92,"Before the administrator can upload a room photo, the administrator must be authenticated. When the administrator uploads a room photo, the system shall store the photo if the photo meets the size limit, so that students can identify the room.",True,Functional,Admin & Maintenance,Nested/Conditional,students can identify the room,the photo meets the size limit,the administrator must be authenticated,"When the administrator uploads a room photo,",uploads a room photo,store the photo,room photo &-& photo &-& the administrator,the administrator
93,"Before the administrator can upload a room photo, the administrator must be verified. When the administrator uploads a room photo, the system shall store the photo if the request is complete, so that administrators can update assets.",True,Functional,Admin & Maintenance,Nested/Conditional,administrators can update assets,the request is complete,the administrator must be verified,"When the administrator uploads a room photo,",uploads a room photo,store the photo,room photo &-& photo &-& the administrator,the administrator
94,"Before the administrator can upload a room photo, the administrator must be assigned to the role. When the administrator uploads a room photo, the system shall store the photo if the room is not under maintenance, so that the room catalog stays current.",True,Functional,Admin & Maintenance,Nested/Conditional,the room catalog stays current,the room is not under maintenance,the administrator must be assigned to the role,"When the administrator uploads a room photo,",uploads a room photo,store the photo,room photo &-& photo &-& the administrator,the administrator
95,"Before the administrator can upload a room photo, the administrator must be approved. When the administrator uploads a room photo, the system shall store the photo if the administrator is assigned to the room, so that quality issues are detected.",True,Functional,Admin & Maintenance,Nested/Conditional,quality issues are detected,the administrator is assigned to the room,the administrator must be approved,"When the administrator uploads a room photo,",uploads a room photo,store the photo,room photo &-& photo &-& the administrator,the administrator
96,"Before the administrator can export a usage report, the administrator must be authorized. When the administrator exports a usage report, the system shall generate the report if the reporting period is selected, so that administrators can track usage.",True,Functional,Admin & Reporting,Nested/Conditional,administrators can track usage,the reporting period is selected,the administrator must be authorized,"When the administrator exports a usage report,",exports a usage report,generate the report,usage report &-& report &-& the administrator,the administrator
97,"Before the administrator can export a usage report, the administrator must be authenticated. When the administrator exports a usage report, the system shall generate the report if the request is complete, so that capacity planning is supported.",True,Functional,Admin & Reporting,Nested/Conditional,capacity planning is supported,the request is complete,the administrator must be authenticated,"When the administrator exports a usage report,",exports a usage report,generate the report,usage report &-& report &-& the administrator,the administrator
98,"Before the administrator can export a usage report, the administrator must be verified. When the administrator exports a usage report, the system shall generate the report if the administrator has reporting access, so that policy decisions are informed.",True,Functional,Admin & Reporting,Nested/Conditional,policy decisions are informed,the administrator has reporting access,the administrator must be verified,"When the administrator exports a usage report,",exports a usage report,generate the report,usage report &-& report &-& the administrator,the administrator
99,"Before the administrator can export a usage report, the administrator must be assigned to the role. When the administrator exports a usage report, the system shall generate the report if the system is available, so that peak hours are identified.",True,Functional,Admin & Reporting,Nested/Conditional,peak hours are identified,the system is available,the administrator must be assigned to the role,"When the administrator exports a usage report,",exports a usage report,generate the report,usage report &-& report &-& the administrator,the administrator
100,"Before the administrator can export a usage report, the administrator must be approved. When the administrator exports a usage report, the system shall generate the report if the dataset is up to date, so that resources are allocated efficiently.",True,Functional,Admin & Reporting,Nested/Conditional,resources are allocated efficiently,the dataset is up to date,the administrator must be approved,"When the administrator exports a usage report,",exports a usage report,generate the report,usage report &-& report &-& the administrator,the administrator
